,element,data
0,word_unigram,0.089932641543783
1,keyword_count,0.02160325262455246
2,line_average,0.8173432853935312
3,unique_keyword,6.068329388919231e-05
4,token_count,0.15959706292857576
5,comment_count,0.005400813156138115
6,empty_character,0.00012136658777838462
7,new line_check,0.0028521148127920383
8,tab_check,0.0
9,whitespace_check,0.025851083196795924
10,non-whitespace_check,0.0003640997633351538
11,Standard_deviation,31.62910281572237
12,parameter_per_function,0.005158079980581346
