,word_unigram,keyword_count,line_average,unique_keyword,token_count,comment_count,empty_character,new line_check,tab_check,whitespace_check,non-whitespace_check,Standard_deviation,parameter_per_function
player.js,0.089932641543783,0.02160325262455246,0.8173432853935312,6.068329388919231e-05,0.15959706292857576,0.005400813156138115,0.00012136658777838462,0.0028521148127920383,0.0,0.025851083196795924,0.0003640997633351538,31.62910281572237,0.005158079980581346
soccer.js,0.089932641543783,0.02160325262455246,0.8173432853935312,6.068329388919231e-05,0.15959706292857576,0.005400813156138115,0.00012136658777838462,0.0028521148127920383,0.0,0.025851083196795924,0.0003640997633351538,31.62910281572237,0.005158079980581346
foot.js,0.089932641543783,0.02160325262455246,0.8173432853935312,6.068329388919231e-05,0.15959706292857576,0.005400813156138115,0.00012136658777838462,0.0028521148127920383,0.0,0.025851083196795924,0.0003640997633351538,31.62910281572237,0.005158079980581346
